{
    "start": "cf pcf start --appname=${serviceName} --env=${environmentType} ${environment} --org=${formData.org} --version=${formData.memory}",
    "stop": "cf pcf stop --appname=${serviceName} --env=${environmentType} ${environment} --version=${formData.memory}",
    "deploy": "cf deploy --appname=${serviceName} --env=${environment} --version=${formData.version} --replicas=${formData.replicas} --strategy=${formData.strategy}",
    "ap-config": "cf get --appname=${serviceName} --env=${environmentType} ${environment} ",
    "audit": "cf audit --appname=${serviceName} --env=${environmentType} ${environment} ",
    "get": "cf get --appname=${serviceName} --env=${environmentType} ${environment}"
}
