[
  {
    "service-name": "account-open",
    "service-id": "1",
    "serialno": "1.1",
    "endpoint-name": "api/account/open",
    "dependancy-list": ["2.1", "3.2", "4.2"]
  },
  {
    "service-name": "account-open",
    "service-id": "1",
    "serialno": "1.2",
    "endpoint-name": "api/account/validate",
    "dependancy-list": ["2.1"]
  },
  {
    "service-name": "account-close",
    "service-id": "2",
    "serialno": "2.1",
    "endpoint-name": "api/account/close",
    "dependancy-list": ["3.1"]
  },
  {
    "service-name": "account-close",
    "service-id": "2",
    "serialno": "2.2",
    "endpoint-name": "api/account/terminate",
    "dependancy-list": []
  },
  {
    "service-name": "account-maintanance",
    "service-id": "3",
    "serialno": "3.1",
    "endpoint-name": "api/account/maintanance",
    "dependancy-list": ["4.1"]
  },
  {
    "service-name": "account-maintanance",
    "service-id": "3",
    "serialno": "3.2",
    "endpoint-name": "api/account/update",
    "dependancy-list": ["1.1", "2.1"]
  },
  {
    "service-name": "notification-service",
    "service-id": "4",
    "serialno": "4.1",
    "endpoint-name": "api/notify/send",
    "dependancy-list": ["5.1"]
  },
  {
    "service-name": "notification-service",
    "service-id": "4",
    "serialno": "4.2",
    "endpoint-name": "api/notify/queue",
    "dependancy-list": []
  },
  {
    "service-name": "audit-service",
    "service-id": "5",
    "serialno": "5.1",
    "endpoint-name": "api/audit/log",
    "dependancy-list": []
  },
  {
    "service-name": "audit-service",
    "service-id": "5",
    "serialno": "5.2",
    "endpoint-name": "api/audit/report",
    "dependancy-list": ["4.1", "3.1"]
  }
]
