{
  "endpoints": [
    {
      "name": "getUsers",
      "path": "/users",
      "method": "GET",
      "sql": "SELECT id, username, email FROM users WHERE id = :id",
      "input": {
        "id": "Integer"
      },
      "output": {
        "id": "Integer",
        "username": "String",
        "email": "String"
      }
    },
    {
      "name": "createUser",
      "path": "/users",
      "method": "POST",
      "sql": "INSERT INTO users (username, email) VALUES (:username, :email)",
      "input": {
        "username": "String",
        "email": "String"
      },
      "output": {
        "success": "Boolean",
        "message": "String"
      }
    }
  ]
}
